{
  "name": "back001",
  "image_path": "data/back001.jpg",
  "left_right": {
    "left_pct": 46.85,
    "right_pct": 53.15
  },
  "top_bottom": {
    "top_pct": 48.44,
    "bottom_pct": 51.56
  },
  "border_widths_px": {
    "left": 66.0,
    "right": 74.86,
    "top": 70.7,
    "bottom": 75.25
  },
  "worst_pct": 53.15,
  "grade": 10.0,
  "grade_label": "Gem Mint",
  "confidence": "high",
  "spread_px": {
    "left": 5.52,
    "right": 2.44,
    "top": 1.8,
    "bottom": 2.02
  },
  "corners": [
    [
      276.0,
      364.5
    ],
    [
      2687.699951171875,
      243.60000610351562
    ],
    [
      2708.89990234375,
      3623.0
    ],
    [
      402.5,
      3573.39990234375
    ]
  ]
}