{
  "name": "back005",
  "image_path": "data/back005.jpg",
  "left_right": {
    "left_pct": 40.66,
    "right_pct": 59.34
  },
  "top_bottom": {
    "top_pct": 80.57,
    "bottom_pct": 19.43
  },
  "border_widths_px": {
    "left": 53.56,
    "right": 78.17,
    "top": 81.55,
    "bottom": 19.67
  },
  "worst_pct": 80.57,
  "grade": 4.0,
  "grade_label": "Good",
  "confidence": "low",
  "spread_px": {
    "left": 42.99,
    "right": 11.42,
    "top": 1.91,
    "bottom": 11.73
  },
  "corners": [
    [
      374.1000061035156,
      452.3999938964844
    ],
    [
      2705.5,
      437.6000061035156
    ],
    [
      2711.800048828125,
      3475.800048828125
    ],
    [
      357.6000061035156,
      3487.5
    ]
  ]
}