{
  "name": "back003",
  "image_path": "data/back003.jpg",
  "left_right": {
    "left_pct": 47.41,
    "right_pct": 52.59
  },
  "top_bottom": {
    "top_pct": 47.45,
    "bottom_pct": 52.55
  },
  "border_widths_px": {
    "left": 67.55,
    "right": 74.93,
    "top": 72.42,
    "bottom": 80.19
  },
  "worst_pct": 52.59,
  "grade": 10.0,
  "grade_label": "Gem Mint",
  "confidence": "high",
  "spread_px": {
    "left": 3.91,
    "right": 2.94,
    "top": 5.41,
    "bottom": 1.02
  },
  "corners": [
    [
      231.0,
      468.6000061035156
    ],
    [
      2516.10009765625,
      237.3000030517578
    ],
    [
      2738.300048828125,
      3401.89990234375
    ],
    [
      538.0999755859375,
      3550.0
    ]
  ]
}