{
  "name": "front006",
  "image_path": "data/front006.jpg",
  "left_right": {
    "left_pct": 50.73,
    "right_pct": 49.27
  },
  "top_bottom": {
    "top_pct": 52.21,
    "bottom_pct": 47.79
  },
  "border_widths_px": {
    "left": 55.29,
    "right": 53.69,
    "top": 55.96,
    "bottom": 51.22
  },
  "worst_pct": 52.21,
  "grade": 10.0,
  "grade_label": "Gem Mint",
  "confidence": "high",
  "spread_px": {
    "left": 1.35,
    "right": 0.79,
    "top": 1.05,
    "bottom": 2.84
  },
  "corners": [
    [
      685.5999755859375,
      596.7000122070312
    ],
    [
      2699.39990234375,
      439.70001220703125
    ],
    [
      2532.10009765625,
      3782.699951171875
    ],
    [
      297.3999938964844,
      3495.800048828125
    ]
  ]
}