{
  "name": "front002",
  "image_path": "data/front002.jpg",
  "left_right": {
    "left_pct": 51.96,
    "right_pct": 48.04
  },
  "top_bottom": {
    "top_pct": 51.61,
    "bottom_pct": 48.39
  },
  "border_widths_px": {
    "left": 57.58,
    "right": 53.23,
    "top": 56.04,
    "bottom": 52.53
  },
  "worst_pct": 51.96,
  "grade": 10.0,
  "grade_label": "Gem Mint",
  "confidence": "high",
  "spread_px": {
    "left": 0.66,
    "right": 0.53,
    "top": 1.14,
    "bottom": 0.67
  },
  "corners": [
    [
      390.8999938964844,
      375.3999938964844
    ],
    [
      2741.89990234375,
      527.5
    ],
    [
      2514.60009765625,
      3758.10009765625
    ],
    [
      226.89999389648438,
      3632.39990234375
    ]
  ]
}