{
  "name": "front003",
  "image_path": "data/front003.jpg",
  "left_right": {
    "left_pct": 51.62,
    "right_pct": 48.38
  },
  "top_bottom": {
    "top_pct": 51.0,
    "bottom_pct": 49.0
  },
  "border_widths_px": {
    "left": 57.78,
    "right": 54.15,
    "top": 54.61,
    "bottom": 52.47
  },
  "worst_pct": 51.62,
  "grade": 10.0,
  "grade_label": "Gem Mint",
  "confidence": "high",
  "spread_px": {
    "left": 0.72,
    "right": 0.78,
    "top": 1.03,
    "bottom": 0.85
  },
  "corners": [
    [
      105.4000015258789,
      427.8999938964844
    ],
    [
      2527.199951171875,
      233.5
    ],
    [
      2737.300048828125,
      3599.39990234375
    ],
    [
      374.8999938964844,
      3744.10009765625
    ]
  ]
}