{
  "name": "front004",
  "image_path": "data/front004.jpg",
  "left_right": {
    "left_pct": 51.66,
    "right_pct": 48.34
  },
  "top_bottom": {
    "top_pct": 51.19,
    "bottom_pct": 48.81
  },
  "border_widths_px": {
    "left": 57.86,
    "right": 54.15,
    "top": 55.36,
    "bottom": 52.79
  },
  "worst_pct": 51.66,
  "grade": 10.0,
  "grade_label": "Gem Mint",
  "confidence": "high",
  "spread_px": {
    "left": 0.75,
    "right": 0.51,
    "top": 0.51,
    "bottom": 0.92
  },
  "corners": [
    [
      422.8999938964844,
      475.70001220703125
    ],
    [
      2616.300048828125,
      406.6000061035156
    ],
    [
      2707.0,
      3481.699951171875
    ],
    [
      510.3999938964844,
      3534.300048828125
    ]
  ]
}